<?xml version='1.0' encoding='UTF-8' ?>
<timeLogEntries>
  <time id="1" path="/Non Project/PSP Training/Program 1/Planning" start="@1516214956100" delta="7" interrupt="2" />
  <time id="2" path="/Non Project/PSP Training/Program 1/Design" start="@1516812348279" delta="47" />
  <time id="3" path="/Non Project/PSP Training/Program 1/Code" start="@1516816051660" delta="61" />
  <time id="4" path="/Non Project/PSP Training/Program 1/Code" start="@1517167752403" delta="28" />
  <time id="5" path="/Non Project/PSP Training/Program 1/Code" start="@1517170879185" delta="10" />
  <time id="6" path="/Non Project/PSP Training/Program 1/Code" start="@1517173824628" delta="25" />
  <time id="7" path="/Non Project/PSP Training/Program 1/Code" start="@1517176821791" delta="25" />
  <time id="8" path="/Non Project/PSP Training/Program 1/Test" start="@1517178326332" delta="11" interrupt="16" />
  <time id="9" path="/Non Project/PSP Training/Program 1/Test" start="@1517180518938" delta="55" interrupt="1" />
  <time id="10" path="/Non Project/PSP Training/Program 1/Test" start="@1517185673782" delta="1" />
  <time id="11" path="/Non Project/PSP Training/Program 1/Postmortem" start="@1517185676101" delta="10" interrupt="2" />
  <time id="12" path="/Non Project/PSP Training/Program 2/Planning" start="@1518629365073" delta="4" />
  <time id="13" path="/Non Project/PSP Training/Program 2/Planning" start="@1518631936084" delta="35" />
  <time id="14" path="/Non Project/PSP Training/Program 2/Planning" start="@1518893732651" delta="52" />
  <time id="15" path="/Non Project/PSP Training/Program 2/Design" start="@1518901633608" delta="37" />
  <time id="16" path="/Non Project/PSP Training/Program 2/Design" start="@1518906447305" delta="15" />
  <time id="17" path="/Non Project/PSP Training/Program 2/Code" start="@1518907330000" delta="134" interrupt="11" />
  <time id="18" path="/Non Project/PSP Training/Program 2/Code" start="@1518926347319" delta="26" />
  <time id="19" path="/Non Project/PSP Training/Program 2/Compile" start="@1518927974465" delta="31" interrupt="5" />
  <time id="20" path="/Non Project/PSP Training/Program 2/Test" start="@1518940772991" delta="29" />
  <time id="21" path="/Non Project/PSP Training/Program 2/Test" start="@1518978966113" delta="23" />
  <time id="22" path="/Non Project/PSP Training/Program 2/Postmortem" start="@1518989077338" delta="3" />
  <time id="23" path="/Non Project/PSP Training/Program 2/Postmortem" start="@1518989911532" delta="6" />
  <time id="24" path="/Non Project/PSP Training/Program 2/Postmortem" start="@1518991178239" delta="10" />
  <time id="25" path="/Non Project/PSP Training/Program 2/Postmortem" start="@1518993011574" delta="24" />
  <time id="26" path="/Non Project/PSP Training/Program 2/Postmortem" start="@1518995150731" delta="5" />
  <time id="27" path="/Non Project/PSP Training/Program 3/Planning" start="@1519841801154" delta="44" />
  <time id="28" path="/Non Project/PSP Training/Program 3/Planning" start="@1520036515785" delta="10" />
  <time id="29" path="/Non Project/PSP Training/Program 3/Planning" start="@1520190662046" delta="13" />
  <time id="30" path="/Non Project/PSP Training/Program 3/Design" start="@1520192257448" delta="11" />
  <time id="31" path="/Non Project/PSP Training/Program 3/Design" start="@1520207646050" delta="5" />
  <time id="32" path="/Non Project/PSP Training/Program 3/Design Review" start="@1520207949000" delta="4" />
  <time id="33" path="/Non Project/PSP Training/Program 3/Code" start="@1520208208447" delta="155" interrupt="20" />
  <time id="34" path="/Non Project/PSP Training/Program 3/Code Review" start="@1520218770746" delta="10" />
  <time id="35" path="/Non Project/PSP Training/Program 3/Compile" start="@1520219525732" delta="6" interrupt="3" />
  <time id="36" path="/Non Project/PSP Training/Program 3/Test" start="@1520221344485" delta="2" />
  <time id="37" path="/Non Project/PSP Training/Program 3/Test" start="@1520221917036" delta="8" interrupt="1" />
  <time id="38" path="/Non Project/PSP Training/Program 3/Test" start="@1520224705416" delta="2" />
  <time id="39" path="/Non Project/PSP Training/Program 3/Postmortem" start="@1520225378606" delta="36" interrupt="1" />
  <time id="40" path="/Non Project/PSP Training/Program 4/Planning" start="@1521303803678" delta="3" />
  <time id="41" path="/Non Project/PSP Training/Program 4/Planning" start="@1521305889523" delta="29" />
  <time id="42" path="/Non Project/PSP Training/Program 4/Design" start="@1521311052292" delta="132" interrupt="35" />
  <time id="44" path="/Non Project/PSP Training/Program 4/Design Review" start="@1521437305000" delta="40" />
  <time id="45" path="/Non Project/PSP Training/Program 4/Code" start="@1521440045208" delta="28" />
  <time id="46" path="/Non Project/PSP Training/Program 4/Code" start="@1521481335894" delta="27" />
  <time id="47" path="/Non Project/PSP Training/Program 4/Code Review" start="@1521482961584" delta="33" />
  <time id="48" path="/Non Project/PSP Training/Program 4/Compile" start="@1521484967423" delta="1" />
  <time id="49" path="/Non Project/PSP Training/Program 4/Test" start="@1521485033695" delta="2" interrupt="327" />
  <time id="50" path="/Non Project/PSP Training/Program 4/Postmortem" start="@1521505026391" delta="16" />
  <time id="51" path="/Non Project/PSP Training/Program 5/Planning" start="@1523079109800" delta="17" />
  <time id="52" path="/Non Project/PSP Training/Program 5/Design" start="@1523080183020" delta="46" />
  <time id="53" path="/Non Project/PSP Training/Program 5/Design Review" start="@1523083903207" delta="17" />
  <time id="54" path="/Non Project/PSP Training/Program 5/Code" start="@1523113946448" delta="58" />
  <time id="55" path="/Non Project/PSP Training/Program 5/Code Review" start="@1523205453084" delta="31" />
  <time id="56" path="/Non Project/PSP Training/Program 5/Test" start="@1523207553321" delta="3" />
  <time id="57" path="/Non Project/PSP Training/Program 5/Postmortem" start="@1523208299221" delta="15" />
  <time id="58" path="/Non Project/PSP Training/Program 6/Planning" start="@1523763829574" delta="20" />
  <time id="59" path="/Non Project/PSP Training/Program 6/Design" start="@1523765039960" delta="85" />
  <time id="60" path="/Non Project/PSP Training/Program 6/Design Review" start="@1523806249053" delta="34" />
  <time id="61" path="/Non Project/PSP Training/Program 6/Design Review" start="@1523809762701" delta="4" />
  <time id="62" path="/Non Project/PSP Training/Program 6/Code" start="@1523810023563" delta="18" />
  <time id="63" path="/Non Project/PSP Training/Program 6/Code" start="@1523811436090" delta="27" />
  <time id="64" path="/Non Project/PSP Training/Program 6/Code Review" start="@1523815236769" delta="35" />
</timeLogEntries>
