<?xml version='1.0' encoding='UTF-8' ?>
<timeLogEntries>
  <time id="40" path="/Non Project/PSP Training/Program 4/Planning" start="@1521303803678" delta="3" flag="A" />
  <time id="41" path="/Non Project/PSP Training/Program 4/Planning" start="@1521305889523" delta="29" flag="A" />
  <time id="42" path="/Non Project/PSP Training/Program 4/Design" start="@1521311052292" delta="132" interrupt="35" flag="A" />
  <time id="43" flag="D" />
  <time id="44" path="/Non Project/PSP Training/Program 4/Design Review" start="@1521437305000" delta="40" flag="A" />
  <time id="45" path="/Non Project/PSP Training/Program 4/Code" start="@1521440045208" delta="28" flag="A" />
  <time id="46" path="/Non Project/PSP Training/Program 4/Code" start="@1521481335894" delta="27" flag="A" />
  <time id="47" path="/Non Project/PSP Training/Program 4/Code Review" start="@1521482961584" delta="33" flag="A" />
  <time id="48" path="/Non Project/PSP Training/Program 4/Compile" start="@1521484967423" delta="1" flag="A" />
  <time id="49" path="/Non Project/PSP Training/Program 4/Test" start="@1521485033695" delta="2" interrupt="327" flag="A" />
  <time id="50" path="/Non Project/PSP Training/Program 4/Postmortem" start="@1521505026391" delta="16" flag="A" />
</timeLogEntries>
