<?xml version='1.0' encoding='UTF-8' ?>
<timeLogEntries>
  <time id="1" path="/Non Project/PSP Training/Program 1/Planning" start="@1516214956100" delta="7" interrupt="2" />
  <time id="2" path="/Non Project/PSP Training/Program 1/Design" start="@1516812348279" delta="47" />
  <time id="3" path="/Non Project/PSP Training/Program 1/Code" start="@1516816051660" delta="61" />
  <time id="4" path="/Non Project/PSP Training/Program 1/Code" start="@1517167752403" delta="28" />
  <time id="5" path="/Non Project/PSP Training/Program 1/Code" start="@1517170879185" delta="10" />
  <time id="6" path="/Non Project/PSP Training/Program 1/Code" start="@1517173824628" delta="25" />
  <time id="7" path="/Non Project/PSP Training/Program 1/Code" start="@1517176821791" delta="25" />
  <time id="8" path="/Non Project/PSP Training/Program 1/Test" start="@1517178326332" delta="11" interrupt="16" />
  <time id="9" path="/Non Project/PSP Training/Program 1/Test" start="@1517180518938" delta="55" interrupt="1" />
  <time id="10" path="/Non Project/PSP Training/Program 1/Test" start="@1517185673782" delta="1" />
  <time id="11" path="/Non Project/PSP Training/Program 1/Postmortem" start="@1517185676101" delta="10" interrupt="2" />
  <time id="12" path="/Non Project/PSP Training/Program 2/Planning" start="@1518629365073" delta="4" />
  <time id="13" path="/Non Project/PSP Training/Program 2/Planning" start="@1518631936084" delta="35" />
  <time id="14" path="/Non Project/PSP Training/Program 2/Planning" start="@1518893732651" delta="52" />
  <time id="15" path="/Non Project/PSP Training/Program 2/Design" start="@1518901633608" delta="37" />
  <time id="16" path="/Non Project/PSP Training/Program 2/Design" start="@1518906447305" delta="15" />
  <time id="17" path="/Non Project/PSP Training/Program 2/Code" start="@1518907329520" delta="134" interrupt="11" />
  <time id="18" path="/Non Project/PSP Training/Program 2/Code" start="@1518926347319" delta="26" />
  <time id="19" path="/Non Project/PSP Training/Program 2/Compile" start="@1518927974465" delta="31" interrupt="5" />
  <time id="20" path="/Non Project/PSP Training/Program 2/Test" start="@1518940772991" delta="29" />
  <time id="21" path="/Non Project/PSP Training/Program 2/Test" start="@1518978966113" delta="23" />
  <time id="22" path="/Non Project/PSP Training/Program 2/Postmortem" start="@1518989077338" delta="3" />
  <time id="23" path="/Non Project/PSP Training/Program 2/Postmortem" start="@1518989911532" delta="6" />
  <time id="24" path="/Non Project/PSP Training/Program 2/Postmortem" start="@1518991178239" delta="10" />
  <time id="25" path="/Non Project/PSP Training/Program 2/Postmortem" start="@1518993011574" delta="24" />
  <time id="26" path="/Non Project/PSP Training/Program 2/Postmortem" start="@1518995150731" delta="5" />
</timeLogEntries>
