<?xml version='1.0' encoding='UTF-8' ?>
<timeLogEntries>
  <time id="1" path="/Non Project/PSP Training/Program 1/Planning" start="@1516214956100" delta="7" interrupt="2" />
  <time id="2" path="/Non Project/PSP Training/Program 1/Design" start="@1516812348279" delta="47" />
  <time id="3" path="/Non Project/PSP Training/Program 1/Code" start="@1516816051660" delta="61" />
  <time id="4" path="/Non Project/PSP Training/Program 1/Code" start="@1517167752403" delta="28" />
  <time id="5" path="/Non Project/PSP Training/Program 1/Code" start="@1517170879185" delta="10" />
  <time id="6" path="/Non Project/PSP Training/Program 1/Code" start="@1517173824628" delta="25" />
  <time id="7" path="/Non Project/PSP Training/Program 1/Code" start="@1517176821791" delta="25" />
  <time id="8" path="/Non Project/PSP Training/Program 1/Test" start="@1517178326332" delta="11" interrupt="16" />
  <time id="9" path="/Non Project/PSP Training/Program 1/Test" start="@1517180518938" delta="55" interrupt="1" />
  <time id="10" path="/Non Project/PSP Training/Program 1/Test" start="@1517185673782" delta="1" />
  <time id="11" path="/Non Project/PSP Training/Program 1/Postmortem" start="@1517185676101" delta="10" interrupt="2" />
</timeLogEntries>
