<?xml version='1.0' encoding='UTF-8' ?>
<timeLogEntries>
  <time id="67" path="/Non Project/PSP Training/Program 7/Planning" start="@1524418245017" delta="29" flag="A" />
  <time id="68" path="/Non Project/PSP Training/Program 7/Design" start="@1524420017356" delta="43" flag="A" />
  <time id="69" path="/Non Project/PSP Training/Program 7/Design Review" start="@1524426700171" delta="33" interrupt="2" flag="A" />
  <time id="70" path="/Non Project/PSP Training/Program 7/Code" start="@1524428887069" delta="72" interrupt="13" flag="A" />
  <time id="71" path="/Non Project/PSP Training/Program 7/Code" start="@1524434523613" delta="12" flag="A" />
  <time id="72" path="/Non Project/PSP Training/Program 7/Code Review" start="@1524436706290" delta="38" flag="A" />
  <time id="73" path="/Non Project/PSP Training/Program 7/Test" start="@1524439049636" delta="3" flag="A" />
  <time id="74" path="/Non Project/PSP Training/Program 7/Postmortem" start="@1524439261355" delta="27" flag="A" />
</timeLogEntries>
